class,count,percentage
Fake,194094,52.30572712867445
Real,176982,47.69427287132555
