metric,fake_mean,fake_median,fake_std,real_mean,real_median,real_std,mean_difference_fake_minus_real,cohen_d,effect_size_label,test_name,p_value,significance
brightness_mean,108.66713759975961,108.41629028320312,31.50140597474463,109.92357195985812,109.4842758178711,31.521995584446017,-1.2564343600985097,-0.03987259307906412,Sangat kecil,Mann Whitney U,1.9267175023371814e-32,Signifikan pada p < 0.05
contrast_std,55.38876297453345,55.236297607421875,12.740691025977291,56.379337943351544,56.35652732849121,12.17905245290116,-0.9905749688180947,-0.07939859657095243,Sangat kecil,Mann Whitney U,2.2537420534375386e-146,Signifikan pada p < 0.05
